ptf10eqi-z, Metalicity, Uncertainty
KD_comb_NEW, -0.019535, 0.011628
KD02_NIIOII, -1, -1
KD03new_abund_R23, -1, -1
M91, -1, -1
Z94, 9.245465, 0.011628
KD03_NIIHa_abund, 8.765936, 0.031211
D02, 8.608969, 0.036255
PP04_N2, 8.457040, 0.035496
PP04_O3N2, 8.505986, 0.015893
Pi01_Z, 8.672449, 0.011628
