ptf10eqi-z, Metalicity, Uncertainty
KD_comb_NEW, 3.910665, 4.093218
KD02_NIIOII, -1, -1
KD03new_abund_R23, -1, -1
M91, -1, -1
Z94, 9.245465, 0.011628
KD03_NIIHa_abund, 8.449928, 0.188133
D02, 8.302575, 0.141257
PP04_N2, 8.220938, 0.078903
PP04_O3N2, 8.371677, 0.061921
Pi01_Z, 8.625972, -0.000350
