ptf10eqi-z, Metalicity, Uncertainty
KD_comb_NEW, -1, -1
KD02_NIIOII, -1, -1
KD03new_abund_R23, -1, -1
M91, -1, -1
Z94, 9.245465, 0.011628
KD03_NIIHa_abund, 8.949589, 0.011910
D02, 8.798248, 0.010307
PP04_N2, 8.692111, 0.014821
PP04_O3N2, 8.588958, 0.004518
Pi01_Z, 8.672449, 0.011628
