ptf10eqi-z, Metalicity, Uncertainty
KD_comb_NEW, -1, -1
KD02_NIIOII, -1, -1
KD03new_abund_R23, -1, -1
M91, -1, -1
Z94, 9.245465, 0.011628
KD03_NIIHa_abund, 8.838454, 0.037552
D02, 8.686575, 0.039247
PP04_N2, 8.544813, 0.049180
PP04_O3N2, 8.540006, 0.017204
Pi01_Z, 8.672449, 0.011628
