ptf10eqi-z, Metalicity, Uncertainty
KD_comb_NEW, -1, -1
KD02_NIIOII, -1, -1
KD03new_abund_R23, -1, -1
M91, -1, -1
Z94, 9.245465, 0.011628
KD03_NIIHa_abund, 8.750097, 0.029796
D02, 8.587159, 0.029467
PP04_N2, 8.440701, 0.033547
PP04_O3N2, 8.496426, 0.012917
Pi01_Z, 8.672449, 0.011628
