ptf10eqi-z, Metalicity, Uncertainty
KD_comb_NEW, -1, -1
KD02_NIIOII, -1, -1
KD03new_abund_R23, -1, -1
M91, -1, -1
Z94, 9.245465, 0.011628
KD03_NIIHa_abund, 8.857826, 0.030218
D02, 8.708153, 0.031108
PP04_N2, 8.571057, 0.040631
PP04_O3N2, 8.549464, 0.013636
Pi01_Z, 8.672449, 0.011628
