ptf10eqi-z, Metalicity, Uncertainty
KD_comb_NEW, 0.007682, 0.007682
KD02_NIIOII, -1, -1
KD03new_abund_R23, -1, -1
M91, -1, -1
Z94, 9.245465, 0.011628
KD03_NIIHa_abund, 8.743836, 0.079666
D02, 8.582768, 0.080808
PP04_N2, 8.441473, 0.083575
PP04_O3N2, 8.494501, 0.035423
Pi01_Z, 8.683888, 0.011905
