ptf10eqi-z, Metalicity, Uncertainty
KD_comb_NEW, -1, -1
KD02_NIIOII, -1, -1
KD03new_abund_R23, -1, -1
M91, -1, -1
Z94, 9.245465, 0.011628
KD03_NIIHa_abund, 72.017969, 14.139637
D02, 9.730345, 0.046345
PP04_N2, 12.134277, 0.294337
PP04_O3N2, 8.997549, 0.020316
Pi01_Z, 8.672449, 0.011628
