SNIbc, Metalicity, Uncertainty
KD_comb_NEW, 7.761820, 0.099279
KD02_NIIOII, 7.761820, 0.099279
KD03new_abund_R23, 3.760674, 3.760674
M91, 0.016434, 0.016434
Z94, 4.225715, 4.225715
KD03_NIIHa_abund, 8.656687, 0.154547
D02, 8.749631, 0.030616
PP04_N2, 8.639165, 0.061748
PP04_O3N2, 8.698005, 0.055465
