SNIbc, Metalicity, Uncertainty
KD_comb_NEW, 8.999395, 0.017125
KD02_NIIOII, 8.999395, 0.017125
KD03new_abund_R23, 8.837004, 0.061259
M91, 8.663061, 0.072417
Z94, 8.802060, 0.068921
KD03_NIIHa_abund, 1.544710, 8.800078
D02, 9.057220, 0.003744
PP04_N2, 9.204657, 0.009451
PP04_O3N2, 8.780426, 0.012187
