SNIbc, Metalicity, Uncertainty
KD_comb_NEW, 8.691423, 0.109987
KD02_NIIOII, 8.688914, 0.118186
KD03new_abund_R23, 4.404880, 4.404880
M91, 4.214658, 4.214658
Z94, 4.286627, 4.286627
KD03_NIIHa_abund, 8.762281, 0.075874
D02, 8.787348, 0.012746
PP04_N2, 8.676342, 0.018735
PP04_O3N2, 8.665917, 0.011762
