SNIbc, Metalicity, Uncertainty
KD_comb_NEW, 8.902488, 0.041576
KD02_NIIOII, 8.882578, 0.034602
KD03new_abund_R23, 8.954719, 0.039996
M91, 8.780056, 0.049712
Z94, 8.937096, 0.052564
KD03_NIIHa_abund, 8.912913, 0.042830
D02, 8.795748, 0.006480
PP04_N2, 8.688184, 0.009017
PP04_O3N2, 8.669071, 0.002849
