SNIbc, Metalicity, Uncertainty
KD_comb_NEW, 8.715623, 0.070569
KD02_NIIOII, 8.719950, 0.076538
KD03new_abund_R23, 4.304657, 4.304657
M91, 4.216839, 4.216839
Z94, 8.446313, 0.119331
KD03_NIIHa_abund, 8.818514, 0.054529
D02, 8.732621, 0.011702
PP04_N2, 8.600589, 0.016078
PP04_O3N2, 8.564402, 0.004814
