SNIbc, Metalicity, Uncertainty
KD_comb_NEW, 8.730137, 0.047874
KD02_NIIOII, 8.730137, 0.047874
KD03new_abund_R23, 8.827130, 0.039559
M91, 8.654566, 0.044895
Z94, 8.779908, 0.046868
KD03_NIIHa_abund, 8.774786, 0.048252
D02, 8.608252, 0.008082
PP04_N2, 8.456366, 0.008457
PP04_O3N2, 8.494250, 0.001033
