SNIbc, Metalicity, Uncertainty
KD_comb_NEW, 8.469716, 0.048151
KD02_NIIOII, 7.405715, -0.014759
KD03new_abund_R23, 3.742024, 3.742024
M91, 3.683563, 3.683563
Z94, 3.706689, 3.706689
KD03_NIIHa_abund, 8.643017, 0.087646
D02, 8.465716, 0.032478
PP04_N2, 8.337186, 0.028186
PP04_O3N2, 8.353987, 0.009353
