SNIbc, Metalicity, Uncertainty
KD_comb_NEW, 8.658268, 0.273297
KD02_NIIOII, 8.386620, 0.049713
KD03new_abund_R23, -1, -1
M91, -1, -1
Z94, 9.253493, 0.006849
KD03_NIIHa_abund, 8.942388, 0.001196
D02, 8.792028, 0.001080
PP04_N2, 8.683308, 0.001639
PP04_O3N2, 8.586232, 0.000473
