SNIbc, Metalicity, Uncertainty
KD_comb_NEW, 8.451668, 0.063495
KD02_NIIOII, 8.437131, 0.061238
KD03new_abund_R23, -1, -1
M91, -1, -1
Z94, -1, -1
KD03_NIIHa_abund, 8.531460, 0.063231
D02, 8.707473, 0.010703
PP04_N2, 8.564410, 0.010179
PP04_O3N2, 8.720883, 0.057564
