SNIbc, Metalicity, Uncertainty
KD_comb_NEW, 8.811776, 0.015760
KD02_NIIOII, 8.811776, 0.015760
KD03new_abund_R23, 8.875214, 0.016687
M91, 8.689579, 0.019412
Z94, 8.839378, 0.019545
KD03_NIIHa_abund, 8.809020, 0.018723
D02, 8.715032, 0.005839
PP04_N2, 8.576920, 0.007314
PP04_O3N2, 8.599392, 0.000046
