SNIbc, Metalicity, Uncertainty
KD_comb_NEW, 8.273719, 0.017299
KD02_NIIOII, 7.554832, 0.054122
KD03new_abund_R23, 8.363286, 0.024200
M91, 8.185733, 0.014777
Z94, 7.393206, -0.027963
KD03_NIIHa_abund, 8.397001, 0.027940
D02, 8.208219, 0.018130
PP04_N2, 8.176937, 0.009621
PP04_O3N2, 8.171735, 0.010031
