SNIbc, Metalicity, Uncertainty
KD_comb_NEW, 9.001431, 0.000230
KD02_NIIOII, 9.001431, 0.000230
KD03new_abund_R23, 9.114729, 0.001815
M91, 8.971567, 0.001734
Z94, 9.153157, 0.001979
KD03_NIIHa_abund, 8.719849, 0.007042
D02, 8.755576, 0.001480
PP04_N2, 8.630830, 0.002083
PP04_O3N2, 8.846575, 0.005524
