SNIbc, Metalicity, Uncertainty
KD_comb_NEW, -1, -1
KD02_NIIOII, -1, -1
KD03new_abund_R23, -1, -1
M91, -1, -1
Z94, 9.209000, 0.033333
KD03_NIIHa_abund, 8.960311, 0.051244
D02, 8.800295, 0.036414
PP04_N2, 8.710347, 0.067792
PP04_O3N2, 8.589855, 0.015962
