SNIbc, Metalicity, Uncertainty
KD_comb_NEW, 8.704308, 0.023267
KD02_NIIOII, 8.704308, 0.023267
KD03new_abund_R23, 3.874354, 3.874354
M91, 3.800601, 3.800601
Z94, 7.736266, -0.012209
KD03_NIIHa_abund, 8.780431, 0.016279
D02, 8.707612, 0.057293
PP04_N2, 8.564855, 0.065390
PP04_O3N2, 8.563626, 0.029395
