SNIbc, Metalicity, Uncertainty
KD_comb_NEW, 8.478132, 0.101682
KD02_NIIOII, 8.280178, 0.095530
KD03new_abund_R23, 8.439173, 0.172544
M91, 8.281007, 0.124989
Z94, 8.423851, 0.012992
KD03_NIIHa_abund, 8.591288, 0.123911
D02, 8.323290, 0.045737
PP04_N2, 8.240238, 0.026899
PP04_O3N2, 8.238640, 0.012675
