SNIbc, Metalicity, Uncertainty
KD_comb_NEW, 8.619504, 0.203076
KD02_NIIOII, 8.400218, 0.120822
KD03new_abund_R23, -0.011507, 0.006849
M91, 0.007182, 0.007182
Z94, -0.011507, 0.006849
KD03_NIIHa_abund, 8.847459, 0.024280
D02, 8.506321, 0.009659
PP04_N2, 8.363257, 0.007186
PP04_O3N2, 8.234420, 0.012939
