SNIbc, Metalicity, Uncertainty
KD_comb_NEW, 9.013659, 0.020778
KD02_NIIOII, 9.013659, 0.020778
KD03new_abund_R23, 8.856242, 0.057744
M91, 8.668523, 0.064411
Z94, 8.825995, 0.068626
KD03_NIIHa_abund, -195.410012, 138.983642
D02, 9.058365, 0.003623
PP04_N2, 9.207540, 0.009194
PP04_O3N2, 8.784113, 0.011270
