SNIbc, Metalicity, Uncertainty
KD_comb_NEW, 8.799676, 0.011636
KD02_NIIOII, 8.799676, 0.011636
KD03new_abund_R23, 9.056932, 0.000111
M91, 8.857819, 0.007251
Z94, 9.059308, 0.001564
KD03_NIIHa_abund, 8.409792, 0.042661
D02, 8.597468, 0.009689
PP04_N2, 8.445740, 0.010046
PP04_O3N2, 8.921967, 0.048792
