SNIbc, Metalicity, Uncertainty
KD_comb_NEW, 9.001420, 0.000173
KD02_NIIOII, 9.001420, 0.000173
KD03new_abund_R23, 9.115130, 0.001742
M91, 8.971799, 0.001531
Z94, 9.153586, 0.001891
KD03_NIIHa_abund, 8.720333, 0.005893
D02, 8.755670, 0.001244
PP04_N2, 8.630961, 0.001757
PP04_O3N2, 8.847840, 0.005377
