SNIbc, Metalicity, Uncertainty
KD_comb_NEW, 8.979051, 0.000069
KD02_NIIOII, 8.979051, 0.000069
KD03new_abund_R23, 9.060905, 0.000943
M91, 8.915138, 0.001445
Z94, 9.085972, 0.001563
KD03_NIIHa_abund, 8.873103, 0.002130
D02, 8.756402, 0.001685
PP04_N2, 8.631975, 0.002367
PP04_O3N2, 8.697566, 0.000168
