SNIbc, Metalicity, Uncertainty
KD_comb_NEW, 9.097897, 0.035519
KD02_NIIOII, 9.097897, 0.035519
KD03new_abund_R23, -1, -1
M91, -1, -1
Z94, 9.253493, 0.006849
KD03_NIIHa_abund, 8.976032, 0.023786
D02, 8.817231, 0.016994
PP04_N2, 8.721901, 0.026381
PP04_O3N2, 8.597279, 0.007449
