SNIbc, Metalicity, Uncertainty
KD_comb_NEW, 8.876569, 0.033697
KD02_NIIOII, 8.876569, 0.033697
KD03new_abund_R23, 8.917631, 0.027524
M91, 8.746443, 0.038014
Z94, 8.889389, 0.038639
KD03_NIIHa_abund, 8.886029, 0.035905
D02, 8.793629, 0.006753
PP04_N2, 8.685978, 0.010317
PP04_O3N2, 8.669224, 0.004162
