SNIbc, Metalicity, Uncertainty
KD_comb_NEW, 8.615557, 0.026959
KD02_NIIOII, 8.615557, 0.026959
KD03new_abund_R23, 0.029155, 0.029155
M91, -0.056000, 0.033333
Z94, 3.668297, 3.668297
KD03_NIIHa_abund, 8.779472, 0.034139
D02, 8.683749, 0.015311
PP04_N2, 8.540674, 0.019709
PP04_O3N2, 8.504995, 0.000798
