SNIbc, Metalicity, Uncertainty
KD_comb_NEW, 8.505625, 0.073704
KD02_NIIOII, 8.501513, 0.077964
KD03new_abund_R23, 8.721668, 0.036856
M91, 8.559880, 0.031810
Z94, 8.653965, 0.034395
KD03_NIIHa_abund, 8.599981, 0.053567
D02, 8.449312, 0.035103
PP04_N2, 8.321284, 0.025669
PP04_O3N2, 8.383097, 0.016485
