SNIbc, Metalicity, Uncertainty
KD_comb_NEW, 8.638202, 0.014843
KD02_NIIOII, 7.532279, 0.031505
KD03new_abund_R23, -1, -1
M91, -1, -1
Z94, -1, -1
KD03_NIIHa_abund, 8.638202, 0.014843
D02, 8.785891, 0.001843
PP04_N2, 8.674193, 0.002750
PP04_O3N2, 8.660304, 0.011257
