SNIbc, Metalicity, Uncertainty
KD_comb_NEW, -1, -1
KD02_NIIOII, -1, -1
KD03new_abund_R23, -1, -1
M91, -1, -1
Z94, 9.209000, 0.033333
KD03_NIIHa_abund, 8.765539, 0.017445
D02, 8.607424, 0.020124
PP04_N2, 8.458194, 0.022599
PP04_O3N2, 8.410862, 0.027017
