SNIbc, Metalicity, Uncertainty
KD_comb_NEW, 7.972608, -0.037592
KD02_NIIOII, 7.972608, -0.037592
KD03new_abund_R23, -1, -1
M91, -1, -1
Z94, 9.209000, 0.033333
KD03_NIIHa_abund, 8.970771, 0.026262
D02, 8.810440, 0.016456
PP04_N2, 8.714472, 0.027287
PP04_O3N2, 8.594302, 0.007213
