SNIbc, Metalicity, Uncertainty
KD_comb_NEW, 8.550636, 0.130557
KD02_NIIOII, 3.690318, 3.690318
KD03new_abund_R23, -1, -1
M91, -1, -1
Z94, -1, -1
KD03_NIIHa_abund, 8.644605, 0.095404
D02, 8.511282, 0.059245
PP04_N2, 8.365751, 0.044728
PP04_O3N2, 8.318894, 0.041217
