SNIbc, Metalicity, Uncertainty
KD_comb_NEW, 8.582185, 0.196264
KD02_NIIOII, 8.358082, 0.151142
KD03new_abund_R23, -0.056000, 0.033333
M91, 0.034178, 0.034178
Z94, -1, -1
KD03_NIIHa_abund, 8.840095, 0.024676
D02, 8.505010, 0.010454
PP04_N2, 8.363220, 0.009067
PP04_O3N2, 8.231608, 0.014274
