SNIbc, Metalicity, Uncertainty
KD_comb_NEW, -1, -1
KD02_NIIOII, -1, -1
KD03new_abund_R23, -1, -1
M91, -1, -1
Z94, 9.253493, 0.006849
KD03_NIIHa_abund, 8.904537, 0.013385
D02, 8.757588, 0.012671
PP04_N2, 8.635611, 0.019463
PP04_O3N2, 8.571134, 0.005554
