SNIbc, Metalicity, Uncertainty
KD_comb_NEW, 8.640850, 0.013737
KD02_NIIOII, 7.545715, 0.037688
KD03new_abund_R23, -1, -1
M91, -1, -1
Z94, -1, -1
KD03_NIIHa_abund, 8.640850, 0.013737
D02, 8.786032, 0.001558
PP04_N2, 8.674432, 0.002361
PP04_O3N2, 8.660524, 0.009028
