SNIbc, Metalicity, Uncertainty
KD_comb_NEW, 8.707239, 0.021545
KD02_NIIOII, 8.707239, 0.021545
KD03new_abund_R23, 4.444521, 4.444521
M91, 4.268924, 4.268924
Z94, 8.500791, 0.193329
KD03_NIIHa_abund, 8.786456, 0.016284
D02, 8.714822, 0.047942
PP04_N2, 8.578603, 0.060533
PP04_O3N2, 8.565432, 0.022644
