SNIbc, Metalicity, Uncertainty
KD_comb_NEW, 3.666871, 3.666871
KD02_NIIOII, -1, -1
KD03new_abund_R23, -1, -1
M91, -1, -1
Z94, 9.209000, 0.033333
KD03_NIIHa_abund, 8.459053, 0.008057
D02, 8.314567, 0.006835
PP04_N2, 8.234355, 0.004011
PP04_O3N2, 8.376934, 0.002996
