SNIbc, Metalicity, Uncertainty
KD_comb_NEW, 8.568236, 0.129300
KD02_NIIOII, 4.157744, 4.157744
KD03new_abund_R23, -0.011507, 0.006849
M91, -0.011507, 0.006849
Z94, -1, -1
KD03_NIIHa_abund, 8.669817, 0.091315
D02, 8.516943, 0.047822
PP04_N2, 8.375233, 0.041004
PP04_O3N2, 8.321278, 0.032137
