SNIbc, Metalicity, Uncertainty
KD_comb_NEW, -1, -1
KD02_NIIOII, -1, -1
KD03new_abund_R23, 8.908838, 0.023586
M91, 8.747481, 0.024831
Z94, 8.866492, 0.033176
KD03_NIIHa_abund, -1, -1
D02, 9.064000, 0.033333
PP04_N2, 9.314000, 0.033333
PP04_O3N2, 8.679911, 0.010141
