SNIbc, Metalicity, Uncertainty
KD_comb_NEW, 8.439212, 0.093151
KD02_NIIOII, 7.469224, -0.006022
KD03new_abund_R23, 7.632108, -0.026505
M91, 7.517741, -0.028358
Z94, 7.534232, -0.017942
KD03_NIIHa_abund, 8.579217, 0.156254
D02, 8.320176, 0.056746
PP04_N2, 8.232455, 0.026697
PP04_O3N2, 8.234870, 0.012437
