SNIbc, Metalicity, Uncertainty
KD_comb_NEW, 4.452974, 4.452974
KD02_NIIOII, 4.452974, 4.452974
KD03new_abund_R23, 8.937056, 0.030293
M91, 8.761740, 0.034016
Z94, 8.908541, 0.047657
KD03_NIIHa_abund, -4.354745, 14.061728
D02, 8.870931, 0.046859
PP04_N2, 8.814038, 0.082134
PP04_O3N2, 8.662755, 0.011759
