SNIbc, Metalicity, Uncertainty
KD_comb_NEW, 8.446233, 0.047381
KD02_NIIOII, 8.440935, 0.051645
KD03new_abund_R23, -1, -1
M91, -1, -1
Z94, -0.011507, 0.006849
KD03_NIIHa_abund, 8.538117, 0.054360
D02, 8.707557, 0.008323
PP04_N2, 8.567299, 0.010084
PP04_O3N2, 8.729985, 0.051253
