SNIbc, Metalicity, Uncertainty
KD_comb_NEW, 8.345588, 0.048414
KD02_NIIOII, 3.404871, 3.404871
KD03new_abund_R23, 3.730371, 3.730371
M91, 3.626630, 3.626630
Z94, 3.696256, 3.696256
KD03_NIIHa_abund, 8.328827, 0.028910
D02, 8.265486, 0.002022
PP04_N2, 8.206977, 0.001099
PP04_O3N2, 8.268552, 0.004635
