SNIbc, Metalicity, Uncertainty
KD_comb_NEW, -0.011507, 0.006849
KD02_NIIOII, -1, -1
KD03new_abund_R23, -1, -1
M91, -1, -1
Z94, 9.253493, 0.006849
KD03_NIIHa_abund, 8.976063, 0.051000
D02, 8.812634, 0.034577
PP04_N2, 8.717039, 0.054843
PP04_O3N2, 8.595264, 0.015157
