SNIbc, Metalicity, Uncertainty
KD_comb_NEW, 8.621010, 0.248304
KD02_NIIOII, 8.377362, 0.053254
KD03new_abund_R23, -1, -1
M91, -1, -1
Z94, 9.209000, 0.033333
KD03_NIIHa_abund, 8.942245, 0.001384
D02, 8.791817, 0.001148
PP04_N2, 8.682980, 0.001723
PP04_O3N2, 8.586139, 0.000503
