SNIbc, Metalicity, Uncertainty
KD_comb_NEW, 8.661426, 0.105882
KD02_NIIOII, 8.598401, 0.118777
KD03new_abund_R23, 3.854392, 3.854392
M91, 3.774090, 3.774090
Z94, 3.839755, 3.839755
KD03_NIIHa_abund, 8.736317, 0.081343
D02, 8.785698, 0.015804
PP04_N2, 8.668193, 0.017451
PP04_O3N2, 8.660849, 0.011763
