SNIbc, Metalicity, Uncertainty
KD_comb_NEW, 8.525942, 0.033144
KD02_NIIOII, 8.524302, 0.031608
KD03new_abund_R23, -1, -1
M91, -1, -1
Z94, -1, -1
KD03_NIIHa_abund, 8.865489, 0.034351
D02, 8.540342, 0.022099
PP04_N2, 8.392496, 0.019075
PP04_O3N2, 8.289440, 0.011303
