SNIbc, Metalicity, Uncertainty
KD_comb_NEW, 9.148706, 0.025903
KD02_NIIOII, 9.148706, 0.025903
KD03new_abund_R23, 9.221833, 0.010090
M91, 9.089704, 0.008241
Z94, 9.306287, 0.016680
KD03_NIIHa_abund, 8.711333, 0.038852
D02, 8.736840, 0.005770
PP04_N2, 8.605581, 0.007859
PP04_O3N2, 8.961824, 0.006731
