SNIbc, Metalicity, Uncertainty
KD_comb_NEW, -1, -1
KD02_NIIOII, -1, -1
KD03new_abund_R23, 8.911401, 0.022533
M91, 8.745492, 0.019772
Z94, 8.861417, 0.023021
KD03_NIIHa_abund, -1, -1
D02, 9.108493, 0.006849
PP04_N2, 9.358493, 0.006849
PP04_O3N2, 8.681632, 0.008823
