SNIbc, Metalicity, Uncertainty
KD_comb_NEW, 8.489966, 0.078932
KD02_NIIOII, 8.487292, 0.079071
KD03new_abund_R23, 8.701960, 0.043439
M91, 8.540879, 0.038911
Z94, 8.649431, 0.039052
KD03_NIIHa_abund, 8.598742, 0.068481
D02, 8.447839, 0.043895
PP04_N2, 8.315767, 0.028174
PP04_O3N2, 8.382347, 0.020662
