SNIbc, Metalicity, Uncertainty
KD_comb_NEW, -1, -1
KD02_NIIOII, -1, -1
KD03new_abund_R23, -1, -1
M91, -1, -1
Z94, 9.209000, 0.033333
KD03_NIIHa_abund, 9.202542, 0.058801
D02, 8.931283, 0.019468
PP04_N2, 8.927739, 0.043014
PP04_O3N2, 8.647275, 0.008534
