SNIbc, Metalicity, Uncertainty
KD_comb_NEW, 8.733930, 0.040030
KD02_NIIOII, 8.733930, 0.040030
KD03new_abund_R23, 8.840467, 0.039748
M91, 8.665614, 0.042882
Z94, 8.790261, 0.042662
KD03_NIIHa_abund, 8.773605, 0.035827
D02, 8.610141, 0.007602
PP04_N2, 8.457897, 0.007744
PP04_O3N2, 8.494224, 0.000758
