SNIbc, Metalicity, Uncertainty
KD_comb_NEW, 9.016379, 0.011985
KD02_NIIOII, 9.016379, 0.011985
KD03new_abund_R23, -1, -1
M91, -1, -1
Z94, 9.253493, 0.006849
KD03_NIIHa_abund, 8.944142, 0.020359
D02, 8.791542, 0.015517
PP04_N2, 8.683348, 0.023753
PP04_O3N2, 8.586018, 0.006802
