SNIbc, Metalicity, Uncertainty
KD_comb_NEW, 8.367218, 0.013853
KD02_NIIOII, 8.359603, 0.026092
KD03new_abund_R23, 8.518132, 0.027203
M91, 8.327127, 0.129986
Z94, 3.669716, 3.669716
KD03_NIIHa_abund, 8.547332, 0.013685
D02, 8.293051, 0.006999
PP04_N2, 8.222152, 0.004007
PP04_O3N2, 8.193146, 0.005380
