SNIbc, Metalicity, Uncertainty
KD_comb_NEW, 8.362399, 0.053112
KD02_NIIOII, 3.863565, 3.863565
KD03new_abund_R23, 4.328017, 4.328017
M91, 4.070276, 4.070276
Z94, 4.151923, 4.151923
KD03_NIIHa_abund, 8.344046, 0.032890
D02, 8.266585, 0.002198
PP04_N2, 8.207572, 0.001194
PP04_O3N2, 8.268674, 0.004073
