SNIbc, Metalicity, Uncertainty
KD_comb_NEW, 8.622410, 0.025921
KD02_NIIOII, 8.622410, 0.025921
KD03new_abund_R23, 0.006301, 0.006301
M91, -0.011507, 0.006849
Z94, 4.127442, 4.127442
KD03_NIIHa_abund, 8.782700, 0.029514
D02, 8.687488, 0.014704
PP04_N2, 8.543424, 0.017772
PP04_O3N2, 8.505144, 0.000768
