SNIbc, Metalicity, Uncertainty
KD_comb_NEW, 8.448521, 0.154924
KD02_NIIOII, 8.448521, 0.154924
KD03new_abund_R23, 4.270310, 4.270310
M91, 0.003183, 0.003183
Z94, 4.263432, 4.263432
KD03_NIIHa_abund, 8.647156, 0.123394
D02, 8.760394, 0.033432
PP04_N2, 8.639976, 0.048114
PP04_O3N2, 8.711262, 0.056885
