SNIbc, Metalicity, Uncertainty
KD_comb_NEW, 8.948145, 0.054044
KD02_NIIOII, 8.948145, 0.054044
KD03new_abund_R23, 8.935662, 0.070451
M91, 7.773262, -0.036652
Z94, 8.921026, 0.101890
KD03_NIIHa_abund, 8.984848, 0.092155
D02, 8.890568, 0.001716
PP04_N2, 8.846558, 0.003142
PP04_O3N2, 8.779899, 0.025175
