SNIbc, Metalicity, Uncertainty
KD_comb_NEW, 8.498125, 0.089014
KD02_NIIOII, 8.467015, 0.137123
KD03new_abund_R23, 4.401676, 4.401676
M91, 4.208022, 4.208022
Z94, 4.274314, 4.274314
KD03_NIIHa_abund, 8.508553, 0.061608
D02, 8.598507, 0.015735
PP04_N2, 8.446322, 0.015518
PP04_O3N2, 8.651263, 0.015658
