SNIbc, Metalicity, Uncertainty
KD_comb_NEW, 8.811119, 0.043760
KD02_NIIOII, 8.811119, 0.043760
KD03new_abund_R23, 8.776956, 0.085177
M91, 8.592836, 0.072341
Z94, 8.729336, 0.094875
KD03_NIIHa_abund, 8.904136, 0.051329
D02, 8.779621, 0.005646
PP04_N2, 8.665203, 0.008470
PP04_O3N2, 8.595502, 0.003285
