SNIbc, Metalicity, Uncertainty
KD_comb_NEW, 8.827035, 0.045062
KD02_NIIOII, 8.827035, 0.045062
KD03new_abund_R23, 8.784055, 0.070064
M91, 8.608341, 0.071405
Z94, 8.739764, 0.079631
KD03_NIIHa_abund, 8.918490, 0.051114
D02, 8.779956, 0.004667
PP04_N2, 8.665711, 0.007043
PP04_O3N2, 8.595464, 0.002543
