SNIbc, Metalicity, Uncertainty
KD_comb_NEW, 8.796909, 0.012481
KD02_NIIOII, 8.796909, 0.012481
KD03new_abund_R23, 9.056883, 0.000062
M91, 8.855316, 0.007400
Z94, 9.059024, 0.001752
KD03_NIIHa_abund, 8.401388, 0.052760
D02, 8.595677, 0.010725
PP04_N2, 8.444191, 0.011176
PP04_O3N2, 8.921793, 0.072087
