SNIbc, Metalicity, Uncertainty
KD_comb_NEW, 8.570801, 0.086162
KD02_NIIOII, 7.990150, 0.443760
KD03new_abund_R23, 4.367452, 4.367452
M91, 4.281436, 4.281436
Z94, 4.376050, 4.376050
KD03_NIIHa_abund, 8.591672, 0.037663
D02, 8.601186, 0.007012
PP04_N2, 8.448902, 0.006995
PP04_O3N2, 8.560005, 0.045049
