SNIbc, Metalicity, Uncertainty
KD_comb_NEW, 8.859054, 0.010361
KD02_NIIOII, 8.859054, 0.010361
KD03new_abund_R23, 8.937290, 0.008404
M91, 8.735394, 0.012141
Z94, 8.919726, 0.009868
KD03_NIIHa_abund, 8.728685, 0.020058
D02, 8.767975, 0.003652
PP04_N2, 8.648252, 0.005298
PP04_O3N2, 8.753880, 0.009672
