SNIbc, Metalicity, Uncertainty
KD_comb_NEW, 8.517771, 0.035773
KD02_NIIOII, 8.517771, 0.035773
KD03new_abund_R23, -1, -1
M91, -1, -1
Z94, -1, -1
KD03_NIIHa_abund, 8.854130, 0.032270
D02, 8.538843, 0.026508
PP04_N2, 8.387061, 0.019144
PP04_O3N2, 8.286056, 0.011204
