SNIbc, Metalicity, Uncertainty
KD_comb_NEW, 8.860158, 0.009016
KD02_NIIOII, 8.860158, 0.009016
KD03new_abund_R23, 8.940076, 0.008761
M91, 8.739510, 0.012733
Z94, 8.921812, 0.009093
KD03_NIIHa_abund, 8.732695, 0.019215
D02, 8.768344, 0.003212
PP04_N2, 8.648470, 0.004306
PP04_O3N2, 8.756349, 0.009480
