SNIbc, Metalicity, Uncertainty
KD_comb_NEW, 8.497123, 0.109822
KD02_NIIOII, 7.567131, -0.013206
KD03new_abund_R23, 3.839245, 3.839245
M91, 3.752683, 3.752683
Z94, 3.825465, 3.825465
KD03_NIIHa_abund, 8.500273, 0.076444
D02, 8.597222, 0.019441
PP04_N2, 8.441344, 0.015044
PP04_O3N2, 8.648088, 0.019880
