SNIbc, Metalicity, Uncertainty
KD_comb_NEW, 8.526046, 0.153598
KD02_NIIOII, 8.292592, 0.057282
KD03new_abund_R23, -1, -1
M91, -1, -1
Z94, -1, -1
KD03_NIIHa_abund, 8.721757, 0.015989
D02, 8.639906, 0.007507
PP04_N2, 8.489245, 0.008455
PP04_O3N2, 8.423935, 0.007536
