SNIbc, Metalicity, Uncertainty
KD_comb_NEW, 8.277737, 0.013930
KD02_NIIOII, 7.596918, 0.062425
KD03new_abund_R23, 8.364211, 0.012202
M91, 8.190303, 0.015353
Z94, 8.291144, -0.005998
KD03_NIIHa_abund, 8.402416, 0.026604
D02, 8.211297, 0.016464
PP04_N2, 8.178795, 0.009134
PP04_O3N2, 8.173585, 0.009398
