SNIbc, Metalicity, Uncertainty
KD_comb_NEW, -1, -1
KD02_NIIOII, -1, -1
KD03new_abund_R23, -1, -1
M91, -1, -1
Z94, 9.253493, 0.006849
KD03_NIIHa_abund, 8.769893, 0.017178
D02, 8.610867, 0.018249
PP04_N2, 8.458852, 0.018557
PP04_O3N2, 8.410886, 0.021543
