SNIbc, Metalicity, Uncertainty
KD_comb_NEW, -1, -1
KD02_NIIOII, -1, -1
KD03new_abund_R23, -1, -1
M91, -1, -1
Z94, 9.209000, 0.033333
KD03_NIIHa_abund, 8.903586, 0.016200
D02, 8.754865, 0.014004
PP04_N2, 8.631691, 0.020416
PP04_O3N2, 8.569941, 0.006139
