SNIbc, Metalicity, Uncertainty
KD_comb_NEW, 4.031493, 4.031493
KD02_NIIOII, 4.031493, 4.031493
KD03new_abund_R23, 8.924360, 0.030658
M91, 8.741870, 0.037264
Z94, 8.889497, 0.048907
KD03_NIIHa_abund, 7.344687, 8.557153
D02, 8.862304, 0.052388
PP04_N2, 8.790125, 0.081199
PP04_O3N2, 8.658704, 0.007708
