SNIbc, Metalicity, Uncertainty
KD_comb_NEW, 9.136618, 0.023053
KD02_NIIOII, 9.136618, 0.023053
KD03new_abund_R23, 9.216999, 0.008711
M91, 9.085777, 0.007098
Z94, 9.297675, 0.014329
KD03_NIIHa_abund, 8.697027, 0.034730
D02, 8.735940, 0.006509
PP04_N2, 8.604343, 0.008691
PP04_O3N2, 8.960485, 0.006938
