SNIbc, Metalicity, Uncertainty
KD_comb_NEW, 8.970294, 0.059256
KD02_NIIOII, 8.961169, 0.054651
KD03new_abund_R23, 8.964893, 0.074268
M91, 8.781393, 0.090028
Z94, 8.956080, 0.095776
KD03_NIIHa_abund, 9.027339, 0.097158
D02, 8.891762, 0.002017
PP04_N2, 8.848714, 0.003702
PP04_O3N2, 8.783581, 0.019886
