SNIbc, Metalicity, Uncertainty
KD_comb_NEW, 8.979050, 0.000068
KD02_NIIOII, 8.979050, 0.000068
KD03new_abund_R23, 9.060975, 0.000813
M91, 8.915313, 0.001321
Z94, 9.086142, 0.001400
KD03_NIIHa_abund, 8.873555, 0.001993
D02, 8.756505, 0.001414
PP04_N2, 8.631920, 0.001798
PP04_O3N2, 8.697591, 0.000152
