SNIbc, Metalicity, Uncertainty
KD_comb_NEW, -1, -1
KD02_NIIOII, -1, -1
KD03new_abund_R23, -1, -1
M91, -1, -1
Z94, 9.253493, 0.006849
KD03_NIIHa_abund, 9.215324, 0.054339
D02, 8.935729, 0.018119
PP04_N2, 8.932665, 0.035729
PP04_O3N2, 8.649223, 0.007943
