SNIbc, Metalicity, Uncertainty
KD_comb_NEW, 9.014952, 0.010558
KD02_NIIOII, 9.014952, 0.010558
KD03new_abund_R23, -1, -1
M91, -1, -1
Z94, 9.209000, 0.033333
KD03_NIIHa_abund, 8.940166, 0.021635
D02, 8.791940, 0.020495
PP04_N2, 8.677116, 0.024899
PP04_O3N2, 8.586193, 0.008984
