SNIbc, Metalicity, Uncertainty
KD_comb_NEW, 8.543769, 0.074001
KD02_NIIOII, 7.432656, 0.082585
KD03new_abund_R23, 3.875332, 3.875332
M91, 3.790836, 3.790836
Z94, 3.867219, 3.867219
KD03_NIIHa_abund, 8.572359, 0.031180
D02, 8.597324, 0.005935
PP04_N2, 8.445212, 0.005964
PP04_O3N2, 8.556321, 0.056914
