SNIbc, Metalicity, Uncertainty
KD_comb_NEW, 8.378555, 0.012355
KD02_NIIOII, 8.365492, 0.024271
KD03new_abund_R23, 8.530949, 0.025490
M91, 8.337967, 0.138373
Z94, 4.130135, 4.130135
KD03_NIIHa_abund, 8.547873, 0.011030
D02, 8.293764, 0.006167
PP04_N2, 8.222342, 0.003258
PP04_O3N2, 8.193696, 0.004730
