SNIbc, Metalicity, Uncertainty
KD_comb_NEW, 4.115089, 4.115089
KD02_NIIOII, -1, -1
KD03new_abund_R23, -1, -1
M91, -1, -1
Z94, 9.253493, 0.006849
KD03_NIIHa_abund, 8.459755, 0.006925
D02, 8.315248, 0.005963
PP04_N2, 8.234513, 0.003251
PP04_O3N2, 8.377232, 0.002614
