SNIbc, Metalicity, Uncertainty
KD_comb_NEW, 8.702039, 0.084265
KD02_NIIOII, 8.702039, 0.084265
KD03new_abund_R23, 3.831293, 3.831293
M91, 3.753213, 3.753213
Z94, 7.625611, -0.003449
KD03_NIIHa_abund, 8.803001, 0.053103
D02, 8.731219, 0.013508
PP04_N2, 8.599120, 0.018791
PP04_O3N2, 8.564109, 0.006298
