SNIbc, Metalicity, Uncertainty
KD_comb_NEW, 8.808991, 0.017807
KD02_NIIOII, 8.808991, 0.017807
KD03new_abund_R23, 8.875241, 0.021540
M91, 8.683251, 0.018517
Z94, 8.832980, 0.018695
KD03_NIIHa_abund, 8.809050, 0.023897
D02, 8.714470, 0.006892
PP04_N2, 8.576621, 0.009025
PP04_O3N2, 8.599406, 0.000060
