SNIbc, Metalicity, Uncertainty
KD_comb_NEW, 8.478256, 0.045280
KD02_NIIOII, 8.428720, 0.072416
KD03new_abund_R23, 4.199427, 4.199427
M91, 4.133819, 4.133819
Z94, 4.159772, 4.159772
KD03_NIIHa_abund, 8.647354, 0.069999
D02, 8.472632, 0.030000
PP04_N2, 8.338026, 0.022676
PP04_O3N2, 8.354599, 0.007976
