SNIbc, Metalicity, Uncertainty
KD_comb_NEW, 8.552797, 0.164880
KD02_NIIOII, 8.349474, 0.054029
KD03new_abund_R23, -1, -1
M91, -1, -1
Z94, -1, -1
KD03_NIIHa_abund, 8.724206, 0.014651
D02, 8.640941, 0.006751
PP04_N2, 8.490046, 0.007291
PP04_O3N2, 8.425220, 0.006875
