sn2006ss, Median (Z), Left, Right
KD02comb_updated, 8.869000, 0.060000, 0.075000
KD02_NIIOII, 8.869000, 0.060000, 0.075000
KD02_R23_updated, 8.852000, 0.063000, 0.080000
M91, 8.674000, 0.067000, 0.089000
Z94, 8.805000, 0.075000, 0.091000
KD02_NIIHa, 9.110000, 63.254000, 11.646000
D02, 8.830000, 0.041000, 0.027000
PP04_N2, 8.743000, 0.064000, 0.044000
PP04_O3N2, 8.600000, 0.026000, 0.015000
Pi01_Z, 8.193000, 0.122000, 0.181000
