sn2006ss, Median (Z), Left, Right
KD02comb_updated, 8.869000, 0.060000, 0.064000
KD02_NIIOII, 8.869000, 0.060000, 0.064000
KD02_R23_updated, 8.851000, 0.064000, 0.081000
M91, 8.673000, 0.068000, 0.088000
Z94, 8.805000, 0.079000, 0.089000
KD02_NIIHa, 4.095000, 2.692000, 2.692000
D02, 8.830000, 0.041000, 0.027000
PP04_N2, 8.743000, 0.064000, 0.048000
PP04_O3N2, 8.600000, 0.027000, 0.016000
Pi01_Z, 8.192000, 0.123000, 0.183000
