sn2006ss, Median (Z), Left, Right
KD02comb_updated, 8.948000, 0.040000, 0.052000
KD02_NIIOII, 8.948000, 0.040000, 0.052000
KD02_R23_updated, 9.061000, 0.040000, 0.046000
M91, 8.905000, 0.052000, 0.062000
Z94, 9.080000, 0.058000, 0.064000
KD02_NIIHa, 8.849000, 0.097000, 0.031000
D02, 8.788000, 0.026000, 0.018000
PP04_N2, 8.678000, 0.038000, 0.030000
PP04_O3N2, 8.751000, 0.032000, 0.022000
Pi01_Z, 8.321000, 0.055000, 0.071000
