sn2006ss, Metalicity, Uncertainty
KD_comb_NEW, 8.951373, 0.055887
KD02_NIIOII, 8.951373, 0.055887
KD03new_abund_R23, 9.056158, 0.048991
M91, 8.907134, 0.069120
Z94, 9.080389, 0.074890
KD03_NIIHa_abund, 8.833319, 0.048121
D02, 8.775677, 0.023663
PP04_N2, 8.663471, 0.038295
PP04_O3N2, 8.758171, 0.037865
Pi01_Z, 8.323051, 0.070486
