sn2006ss, Median (Z), Left, Right
KD02comb_updated, 8.948000, 0.040000, 0.056000
KD02_NIIOII, 8.948000, 0.040000, 0.056000
KD02_R23_updated, 9.061000, 0.040000, 0.041000
M91, 8.906000, 0.051000, 0.067000
Z94, 9.081000, 0.057000, 0.065000
KD02_NIIHa, 8.705000, 0.058000, 0.058000
D02, 8.788000, 0.026000, 0.018000
PP04_N2, 8.678000, 0.038000, 0.030000
PP04_O3N2, 8.751000, 0.034000, 0.049000
Pi01_Z, 8.321000, 0.054000, 0.065000
