sn2006ss, Metalicity, Uncertainty
KD_comb_NEW, 8.624021, 0.001315
KD02_NIIOII, 8.624021, 0.001315
KD03new_abund_R23, 8.866722, 0.003416
M91, 8.701656, 0.004046
Z94, 8.810571, 0.003143
KD03_NIIHa_abund, 8.777653, 0.006728
D02, 8.528281, 0.009027
PP04_N2, 8.381566, 0.007204
PP04_O3N2, 8.413759, 0.005596
Pi01_Z, 8.347186, 0.010064
