sn2006ss, Metalicity, Uncertainty
KD_comb_NEW, 8.857695, 0.085068
KD02_NIIOII, 8.857695, 0.085068
KD03new_abund_R23, 8.844360, 0.073413
M91, 8.682791, 0.101653
Z94, 8.818162, 0.114631
KD03_NIIHa_abund, 8.986009, 0.127329
D02, 8.811730, 0.030108
PP04_N2, 8.728033, 0.061306
PP04_O3N2, 8.587710, 0.020244
