sn2006ss, Metalicity, Uncertainty
KD_comb_NEW, 8.624285, 0.001017
KD02_NIIOII, 8.624285, 0.001017
KD03new_abund_R23, 8.861123, 0.001309
M91, 8.695181, 0.001506
Z94, 8.805076, 0.001376
KD03_NIIHa_abund, 8.763314, 0.006042
D02, 8.525501, 0.006083
PP04_N2, 8.379805, 0.005349
PP04_O3N2, 8.414859, 0.003210
Pi01_Z, 8.331460, 0.003825
