sn2006ss, Metalicity, Uncertainty
KD_comb_NEW, 8.624258, 0.000915
KD02_NIIOII, 8.624258, 0.000915
KD03new_abund_R23, 8.860858, 0.001013
M91, 8.694878, 0.001165
Z94, 8.804799, 0.001069
KD03_NIIHa_abund, 8.763132, 0.005483
D02, 8.525361, 0.005400
PP04_N2, 8.379767, 0.004775
PP04_O3N2, 8.414793, 0.002855
