sn2006ss, Median (Z), Left, Right
KD02comb_updated, 8.948000, 0.040000, 0.049000
KD02_NIIOII, 8.948000, 0.040000, 0.049000
KD02_R23_updated, 9.061000, 0.039000, 0.040000
M91, 8.906000, 0.051000, 0.066000
Z94, 9.081000, 0.057000, 0.068000
KD02_NIIHa, 8.478000, 0.200000, 0.200000
D02, 8.788000, 0.026000, 0.017000
PP04_N2, 8.678000, 0.037000, 0.027000
PP04_O3N2, 8.751000, 0.034000, 0.020000
Pi01_Z, 8.321000, 0.054000, 0.072000
