sn2006ss, Metalicity, Uncertainty
KD_comb_NEW, 8.624527, 0.000977
KD02_NIIOII, 8.624527, 0.000977
KD03new_abund_R23, 8.861155, 0.001071
M91, 8.695028, 0.001039
Z94, 8.804936, 0.000953
KD03_NIIHa_abund, 8.763919, 0.005040
D02, 8.526211, 0.005080
PP04_N2, 8.380520, 0.004566
PP04_O3N2, 8.415239, 0.002685
Pi01_Z, 8.331557, 0.003130
