sn2006ss, Median (Z), Left, Right
KD02comb_updated, 8.624000, 0.001000, 0.001000
KD02_NIIOII, 8.624000, 0.001000, 0.001000
KD02_R23_updated, 8.867000, 0.003000, 0.003000
M91, 8.702000, 0.004000, 0.004000
Z94, 8.811000, 0.003000, 0.003000
KD02_NIIHa, 8.778000, 0.007000, 0.005000
D02, 8.529000, 0.009000, 0.008000
PP04_N2, 8.383000, 0.008000, 0.007000
PP04_O3N2, 8.414000, 0.006000, 0.005000
Pi01_Z, 8.347000, 0.010000, 0.009000
