sn2006ss, Metalicity, Uncertainty
KD_comb_NEW, 8.939316, 0.054252
KD02_NIIOII, 8.939316, 0.054252
KD03new_abund_R23, 9.055662, 0.046721
M91, 8.906502, 0.069052
Z94, 9.061917, 0.059027
KD03_NIIHa_abund, 8.832508, 0.040897
D02, 8.781989, 0.024502
PP04_N2, 8.674223, 0.042002
PP04_O3N2, 8.754354, 0.034989
