sn2006ss, Median (Z), Left, Right
KD02comb_updated, 8.625000, 0.001000, 0.001000
KD02_NIIOII, 8.625000, 0.001000, 0.001000
KD02_R23_updated, 8.861000, 0.001000, 0.001000
M91, 8.695000, 0.001000, 0.001000
Z94, 8.805000, 0.001000, 0.001000
KD02_NIIHa, 8.765000, 0.006000, 0.005000
D02, 8.527000, 0.005000, 0.004000
PP04_N2, 8.381000, 0.005000, 0.004000
PP04_O3N2, 8.416000, 0.003000, 0.002000
Pi01_Z, 8.332000, 0.003000, 0.003000
