sn2006ss, Metalicity, Uncertainty
KD_comb_NEW, 8.624190, 0.001854
KD02_NIIOII, 8.624190, 0.001854
KD03new_abund_R23, 8.866165, 0.003586
M91, 8.700999, 0.004227
Z94, 8.810557, 0.003867
KD03_NIIHa_abund, 8.777660, 0.007996
D02, 8.525746, 0.008462
PP04_N2, 8.380425, 0.007834
PP04_O3N2, 8.412173, 0.005186
