sn2006ss, Metalicity, Uncertainty
KD_comb_NEW, 8.869100, 0.088476
KD02_NIIOII, 8.869100, 0.088476
KD03new_abund_R23, 8.848595, 0.075900
M91, 8.660125, 0.077261
Z94, 8.801160, 0.104346
KD03_NIIHa_abund, 8.255759, 0.352920
D02, 8.819041, 0.041050
PP04_N2, 8.712094, 0.059323
PP04_O3N2, 8.593476, 0.026933
Pi01_Z, 8.179672, 0.155015
