sn2006ss, Median (Z), Left, Right
KD02comb_updated, 8.869000, 0.060000, 0.072000
KD02_NIIOII, 8.869000, 0.060000, 0.072000
KD02_R23_updated, 8.851000, 0.063000, 0.084000
M91, 8.673000, 0.067000, 0.092000
Z94, 8.805000, 0.085000, 0.082000
KD02_NIIHa, 7.622000, 0.608000, 0.608000
D02, 8.830000, 0.041000, 0.029000
PP04_N2, 8.742000, 0.064000, 0.049000
PP04_O3N2, 8.600000, 0.027000, 0.017000
Pi01_Z, 8.192000, 0.122000, 0.165000
