sn2006ss, Metalicity, Uncertainty
KD_comb_NEW, 8.951276, 0.047630
KD02_NIIOII, 8.951276, 0.047630
KD03new_abund_R23, 9.063598, 0.044487
M91, 8.909315, 0.058722
Z94, 9.086621, 0.066001
KD03_NIIHa_abund, 8.837424, 0.041802
D02, 8.783328, 0.022185
PP04_N2, 8.670423, 0.032122
PP04_O3N2, 8.755707, 0.027794
Pi01_Z, 8.325204, 0.061555
