sn2006ss, Metalicity, Uncertainty
KD_comb_NEW, 8.869954, 0.067826
KD02_NIIOII, 8.869954, 0.067826
KD03new_abund_R23, 8.856695, 0.072409
M91, 8.677302, 0.076234
Z94, 8.818995, 0.096145
KD03_NIIHa_abund, 8.830754, 0.174980
D02, 8.822616, 0.035189
PP04_N2, 8.732229, 0.056747
PP04_O3N2, 8.594317, 0.022071
Pi01_Z, 8.212116, 0.152369
