sn2006ss, Metalicity, Uncertainty
KD02comb_updated, 8.873012, 0.064890
KD02_NIIOII, 8.873012, 0.064890
KD02_R23_updated, 8.856541, 0.069233
M91, 8.684020, 0.078477
Z94, 8.814129, 0.084524
KD02_NIIHa, -0.218744, 5.199953
D02, 8.824839, 0.035502
PP04_N2, 8.735478, 0.056790
PP04_O3N2, 8.595708, 0.022211
Pi01_Z, 8.212471, 0.144211
