sn2006ss, Metalicity, Uncertainty
KD02comb_updated, 8.624537, 0.000934
KD02_NIIOII, 8.624537, 0.000934
KD02_R23_updated, 8.861156, 0.001015
M91, 8.695102, 0.001049
Z94, 8.805006, 0.000963
KD02_NIIHa, 8.764395, 0.005187
D02, 8.526700, 0.005266
PP04_N2, 8.380534, 0.004322
PP04_O3N2, 8.415497, 0.002787
Pi01_Z, 8.331557, 0.002968
