sn2006ss, Metalicity, Uncertainty
KD02comb_updated, 8.624233, 0.001460
KD02_NIIOII, 8.624233, 0.001460
KD02_R23_updated, 8.866631, 0.003127
M91, 8.701561, 0.003722
Z94, 8.811087, 0.003448
KD02_NIIHa, 8.777085, 0.005798
D02, 8.528280, 0.008476
PP04_N2, 8.382247, 0.007403
PP04_O3N2, 8.413776, 0.005288
Pi01_Z, 8.346920, 0.009215
