sn2006ss, Metalicity, Uncertainty
KD02comb_updated, 8.956301, 0.048643
KD02_NIIOII, 8.956301, 0.048643
KD02_R23_updated, 9.060606, 0.039867
M91, 8.912642, 0.059088
Z94, 9.083835, 0.061320
KD02_NIIHa, 8.760799, 0.049814
D02, 8.784636, 0.022182
PP04_N2, 8.671141, 0.030993
PP04_O3N2, 8.745585, 0.026223
Pi01_Z, 8.326409, 0.060408
